Amazonocrinis_nigriterrae_CENA67_GCA_016056305	Amazonocrinis
Anabaena_azotica_FACHB_119_GCA_014697625	Anabaena
Anabaena_catenula_FACHB_362_GCA_014698735	Anabaena
Anabaena_cylindrica_PCC_7122_GCA_000317695	Anabaena
Anabaena_cylindrica_PCC_7122_GCA_002367955	Anabaena
Anabaena_lutea_FACHB_196_GCA_014698305	Anabaena
Anabaena_minutissima_FACHB_250_GCA_014697125	Anabaena
Anabaena_sp_54_GCA_017355725	Anabaena
Anabaena_sp_90_GCA_000312705	Anabaena
Anabaena_sp_LE011_02_GCA_001672225	Anabaena
Anabaena_sp_WA102_GCA_001277295	Anabaena
Anabaena_sphaerica_FACHB_251_GCA_014696825	Anabaena
Anabaena_subtropica_FACHB_260_GCA_014697105	Anabaena
Anabaena_variabilis_FACHB_164_GCA_014698355	Anabaena
Anabaena_variabilis_FACHB_171_GCA_014697155	Anabaena
Atlanticothrix_silvestris_CENA357_GCA_016056295	Atlanticothrix
Cyanocohniella_sp_LLY_GCA_022241785	Cyanocohniella
Cylindrospermum_sp_FACHB_282_GCA_014697195	Cylindrospermum
Cylindrospermum_sp_NIES_4074_GCA_003994795	Cylindrospermum
Cylindrospermum_stagnale_PCC_7417_GCA_000317535	Cylindrospermum
Dendronalium_phyllosphericum_CENA369_GCA_016056275	Dendronalium
Desmonostoc_geniculatum_HA4340_LM1_GCA_019359545	Desmonostoc
Desmonostoc_muscorum_CCALA_125_GCA_019734875	Desmonostoc
Desmonostoc_muscorum_FACHB_395_GCA_014698035	Desmonostoc
Desmonostoc_muscorum_LEGE_12446_GCA_015207005	Desmonostoc
Desmonostoc_vinosum_HA7617_LM4_GCA_019359515	Desmonostoc
Gloeobacter_morelensis_MG652769_GCA_021018745	Gloeobacter
Goleter_apudmare_HA4340_LM2_GCA_019359495	Goleter
Komarekiella_atlantica_HA4396_MV6_GCA_019359395	Komarekiella
Komarekiella_sp_clone_1_GCA_014831675	Komarekiella
Mojavia_pulchra_JT2_VF2_GCA_019359325	Mojavia
Nazollae_Acaroliniana_1	Nazollae
Nazollae_Acaroliniana_2	Nazollae
Nazollae_Afiliculoides_lab	Nazollae
Nazollae_Afiliculoides_lab_nanopore	Nazollae
Nazollae_Afiliculoides_reference_0708	Nazollae
Nazollae_Afiliculoides_wild	Nazollae
Nazollae_Amexicana	Nazollae
Nazollae_Anilotica	Nazollae
Nazollae_Apinnata_nanopore	Nazollae
Nazollae_Arubra	Nazollae
Nazollae_Asp_nanopore	Nazollae
Nazollae_microphylla	Nazollae
Nostoc_calcicola_FACHB_3891_GCA_014697355	Nostoc
Nostoc_calcicola_FACHB_389_GCA_001904715	Nostoc
Nostoc_commune_BAE_GCA_015714765	Nostoc
Nostoc_commune_HK_02_GCA_003990685	Nostoc
Nostoc_desertorum_CM1_VF14_GCA_019359245	Nostoc
Nostoc_edaphicum_CCNP1411_GCA_014023275	Nostoc
Nostoc_favosum_CHAB5714_GCA_020829495	Nostoc
Nostoc_flagelliforme_CCNUN1_GCA_002813575	Nostoc
Nostoc_flagelliforme_FACHB_838_GCA_014698065	Nostoc
Nostoc_foliaceum_FACHB_393_GCA_014698505	Nostoc
Nostoc_indistinguendum_CM1_VF10_GCA_019359215	Nostoc
Nostoc_linckia_NIES_25_GCA_002368035	Nostoc
Nostoc_linckia_z3_GCA_002608015	Nostoc
Nostoc_linckia_z6_GCA_002608105	Nostoc
Nostoc_linckia_z9_GCA_002608225	Nostoc
Nostoc_minutum_NIES_26_GCA_003326215	Nostoc
Nostoc_mirabile_CHAB5784_GCA_020829645	Nostoc
Nostoc_paludosum_FACHB_159_GCA_014698835	Nostoc
Nostoc_parmelioides_FACHB_3921_GCA_014696625	Nostoc
Nostoc_piscinale_CENA21_GCA_001298445	Nostoc
Nostoc_punctiforme_FACHB_252_GCA_014698495	Nostoc
Nostoc_punctiforme_NIES_2108_GCA_003326195	Nostoc
Nostoc_punctiforme_PCC_73102_GCA_000020025	Nostoc
Nostoc_sp_ATCC_43529_GCA_003326205	Nostoc
Nostoc_sp_CENA543_GCA_002896875	Nostoc
Nostoc_sp_CMAA1605_GCA_021596505	Nostoc
Nostoc_sp_LEGE_06077_GCA_015207705	Nostoc
Nostoc_sp_LPT_GCA_017115165	Nostoc
Nostoc_sp_Lobaria_pulmonaria_5183_cyanobiont_GCA_002949795	Nostoc
Nostoc_sp_NIES_3756_GCA_001548375	Nostoc
Nostoc_sp_NMS4_GCA_017115095	Nostoc
Nostoc_sp_NMS9_GCA_017114995	Nostoc
Nostoc_sp_PCC_7107_GCA_000316625	Nostoc
Nostoc_sp_PCC_7120__FACHB_418_GCA_000009705	Nostoc
Nostoc_sp_PCC_7120__FACHB_418_GCA_014696735	Nostoc
Nostoc_sp_PCC_7524_GCA_000316645	Nostoc
Nostoc_sp_Peltigera_membranacea_cyanobiont_232_GCA_002245985	Nostoc
Nostoc_sp_TCL26_01_GCA_013393945	Nostoc
Nostoc_sp_UCD121_GCA_014222285	Nostoc
Nostoc_sp_UHCC_0870_GCA_022063185	Nostoc
Nostoc_sphaeroides_CCNUC1_GCA_009372195	Nostoc
Nostoc_sphaeroides_CHAB_2801_GCA_020829465	Nostoc
Nostoc_spongiaeforme_FACHB_130_GCA_014698475	Nostoc
Pelatocladus_maniniholoensis_HA4357_MV3_GCA_019359115	Pelatocladus
Richelia_sinica_FACHB_800_GCA_014698825	Richelia
Richelia_sinica_FACHB_800_GCA_019056575	Richelia
Richelia_sp_GCA_013214565	Richelia
Richelia_sp_RM1_1_1_GCA_012032385	Richelia
Richelia_sp_SL_2_1_GCA_012033205	Richelia
Richelia_sp_SM2_1_7_GCA_012031665	Richelia
Synechococcus_lacustris_GCA_003011125	Synechococcus
Trichormus_sp_ATA11_4_KO1_GCA_019358915	Trichormus
Trichormus_variabilis_0441_GCA_009856605	Trichormus
Trichormus_variabilis_FACHB_319_GCA_014697165	Trichormus
